Sex;Age;Contract;Statute;Jurisdiction;Region;count;sum;average;std
*;*;*;*;*;*;2;5;2.5;0.5
*;*;*;*;*;*;2;5;2.5;1.5
*;*;*;*;*;*;9;44;4.888888888888889;1.9116278371205837
*;*;*;*;*;*;1;2;2.0;0.0
*;*;*;*;*;*;1;5;5.0;0.0
*;*;*;*;*;*;1;8;8.0;0.0
*;*;*;*;*;*;1;2;2.0;0.0
*;*;*;*;*;*;6;92;15.333333333333334;16.038148964959213
*;*;*;*;*;*;18;57;3.1666666666666665;2.813657169355689
*;*;*;*;*;*;5;36;7.2;6.584831053261731
